{
    "2-7": {
        "1": "강건우",
        "2": "강선웅",
        "3": "김건희",
        "4": "김대연",
        "5": "김도연",
        "6": "김도원",
        "7": "김민준",
        "8": "김영재",
        "9": "김재하",
        "10": "김태윤",
        "11": "김현준",
        "12": "류현진",
        "13": "박승수",
        "14": "박해담",
        "15": "서은성",
        "16": "정은혁",
        "17": "신준석",
        "18": " - ",
        "19": "윤준성",
        "20": "이은성",
        "21": "이재혁",
        "22": " - ",
        "23": "장지우",
        "24": "정은혁 (러시아 Блять)",
        "25": "정현찬",
        "26": "주연우",
        "27": "차시후",
        "28": "최승환",
        "29": "한정원",
        "30": "황수인",
        "31": "황태준"
    },
    "2-8": {
        "0": "정시원"
    }
}